{
    "Skill_M2": {
        "M2-136": {
            "duration_seconds": 73
        },
        "M2-23": {
            "duration_seconds": 82
        },
        "M2-30": {
            "duration_seconds": 65
        },
        "M2-110": {
            "duration_seconds": 63
        },
        "M2-41": {
            "duration_seconds": 70
        },
        "M2-36": {
            "duration_seconds": 61
        },
        "M2-103": {
            "duration_seconds": 59
        },
        "M2-81": {
            "duration_seconds": 61
        },
        "M2-19": {
            "duration_seconds": 83
        },
        "M2-73": {
            "duration_seconds": 94
        },
        "20230403_095034_HoloLens": {
            "duration_seconds": 73
        },
        "20240411_070705_HoloLens": {
            "duration_seconds": 67
        },
        "20230424_104421_HoloLens": {
            "duration_seconds": 81
        },
        "20230403_095943_HoloLens": {
            "duration_seconds": 69
        },
        "3_tourns_2": {
            "duration_seconds": 178
        },
        "3_tourns_3": {
            "duration_seconds": 184
        },
        "tourn_blue": {
            "duration_seconds": 54
        },
        "20230403_105336_HoloLens": {
            "duration_seconds": 65
        },
        "20240423_101046_HoloLens": {
            "duration_seconds": 62
        },
        "zed-0-1-December10-UUID-d8e2d85c-9174-4a13-840c-a1e6a12b1ba8": {
            "duration_seconds": 72
        }
    }
}